{
    "text": [
        {
            "speaker": "Speaker 1",
            "transcript": "Alexa open ABC Asset Management",
            "score": "0.9570671"
        },
        {
            "speaker": "Speaker 2",
            "transcript": " welcome to ABC Asset Management I can help you with your sales update product details meeting details and budget information what would you like to do I look like",
            "score": "0.89961594"
        },
        {
            "speaker": "Speaker 1",
            "transcript": " okay you have a free slot next week Wednesday at 2 p.m. do you want to go ahead with this lot yes",
            "score": "0.9570671"
        },
        {
            "speaker": "Speaker 2",
            "transcript": " welcome to ABC Asset Management I can help you with your sales update product details meeting details and budget information what would you like to do I look like",
            "score": "0.89961594"
        },
        {
            "speaker": "Speaker 1",
            "transcript": "Alexa open ABC Asset Management",
            "score": "0.9570671"
        },
        {
            "speaker": "Speaker 2",
            "transcript": " welcome to ABC Asset Management I can help you with your sales update product details meeting details and budget information what would you like to do I look like",
            "score": "0.89961594"
        },
        {
            "speaker": "Speaker 1",
            "transcript": "Alexa open ABC Asset Management",
            "score": "0.9570671"
        },
        {
            "speaker": "Speaker 2",
            "transcript": " welcome to ABC Asset Management I can help you with your sales update product details meeting details and budget information what would you like to do I look like",
            "score": "0.89961594"
        }
    ],
    "summary":""
}